<?xml version="1.0" encoding="UTF-8"?>
<!DOCTYPE mapper 
PUBLIC "-//mybatis.org//DTD Mapper 3.0//EN"
"http://mybatis.org/dtd/mybatis-3-mapper.dtd" >
 
<mapper namespace="com.ecommerce.inquiry.domain.repository.InquiryRepository">
	
	<insert id="insertOrder" parameterType="Order">
 		insert into MSA_ORDER_CQRS ( orderId, userId, name, productId, quantity, unitPrice, totalPrice)
 		values (#{orderId}, #{userId},#{name}, #{productId}, #{quantity}, #{unitPrice}, #{totalPrice})
 	</insert>
 	<insert id="insertCustomer" parameterType="Customer">
        insert into MSA_CUSTOMER_CQRS ( userid, pwd, name, email) 
        values (#{userid}, #{pwd}, #{name}, #{email})
    </insert>
    <select id="selectCustomerByUserid" resultType="Customer" 
 	parameterType="string">
 		select userid, pwd, name, email, create_date as  createDate
 		from MSA_CUSTOMER_CQRS
 		where userid = #{userid}
 	</select>
 	<select id="selectOrderByUserId" resultType="Order" parameterType="string">
 		select orderId, userId, name,  productId, quantity, unitPrice, totalPrice, create_date
 		from MSA_ORDER_CQRS
 		where userId = #{userId}
 	</select>
</mapper>
